{"cameraMode":{"drawMode":0,"name":"Shaded","section":"Shading Mode"},"sceneLighting":false,"audioPlay":false,"sceneViewState":{"m_AlwaysRefresh":false,"showFog":true,"showSkybox":false,"showFlares":true,"showImageEffects":true,"showParticleSystems":true,"showVisualEffectGraphs":true,"m_FxEnabled":true},"in2DMode":false,"pivot":{"x":0.17894607782363892,"y":2.4600658416748049,"z":-2.044132947921753},"rotation":{"x":-0.38180825114250185,"y":0.013322534039616585,"z":-0.00549938902258873,"w":-0.9240946769714356},"size":2.80957293510437,"orthographic":false}